{
  "images": [
    {
      "src": "images/AfterAdhaan.jpg",
      "caption": "Afteradhaan"
    },
    {
      "src": "images/AsrDua.JPG",
      "caption": "Asrdua"
    },
    {
      "src": "images/Ayutul_Kursi_in_Black_by_Islamic_Posters.jpg",
      "caption": "Ayutul Kursi In Black By Islamic Posters"
    },
    {
      "src": "images/donation .jpg",
      "caption": "Donation "
    },
    {
      "src": "images/Dua help.jpg",
      "caption": "Dua Help"
    },
    {
      "src": "images/Switch Your Phone Off.jpg",
      "caption": "Switch Your Phone Off"
    },
    {
      "src": "images/images (2).jpeg",
      "caption": "Images (2)"
    },
    {
      "src": "images/images.png",
      "caption": "Images"
    }
  ]
}