{
    "metadata": {
        "year": "2025",
        "month": "11",
        "generated_date": "2025-11-19 01:53:09",
        "city": "Dundee",
        "country": "GB"
    },
    "prayer_times": {
        "2025-11-01": {
            "date": "2025-11-01",
            "day_number": 1,
            "day_name": "Sat",
            "is_friday": false,
            "has_custom_times": true,
            "beginning_times": {
                "Fajr": "05:12",
                "Sunrise": "07:21",
                "Dhuhr": "11:56",
                "Asr": "14:37",
                "Maghrib": "16:29",
                "Isha": "18:31"
            },
            "jamaah_times": {
                "Fajr_Jamaah": "06:30",
                "Dhuhr_Jamaah": "13:15",
                "Asr_Jamaah": "15:00",
                "Maghrib_Jamaah": "16:34",
                "Isha_Jamaah": "19:15"
            }
        },
        "2025-11-02": {
            "date": "2025-11-02",
            "day_number": 2,
            "day_name": "Sun",
            "is_friday": false,
            "has_custom_times": true,
            "beginning_times": {
                "Fajr": "05:14",
                "Sunrise": "07:23",
                "Dhuhr": "11:56",
                "Asr": "14:35",
                "Maghrib": "16:27",
                "Isha": "18:29"
            },
            "jamaah_times": {
                "Fajr_Jamaah": "06:30",
                "Dhuhr_Jamaah": "13:15",
                "Asr_Jamaah": "15:00",
                "Maghrib_Jamaah": "16:32",
                "Isha_Jamaah": "19:15"
            }
        },
        "2025-11-03": {
            "date": "2025-11-03",
            "day_number": 3,
            "day_name": "Mon",
            "is_friday": false,
            "has_custom_times": true,
            "beginning_times": {
                "Fajr": "05:16",
                "Sunrise": "07:25",
                "Dhuhr": "11:56",
                "Asr": "14:33",
                "Maghrib": "16:25",
                "Isha": "18:27"
            },
            "jamaah_times": {
                "Fajr_Jamaah": "06:30",
                "Dhuhr_Jamaah": "13:15",
                "Asr_Jamaah": "15:00",
                "Maghrib_Jamaah": "16:30",
                "Isha_Jamaah": "19:15"
            }
        },
        "2025-11-04": {
            "date": "2025-11-04",
            "day_number": 4,
            "day_name": "Tue",
            "is_friday": false,
            "has_custom_times": true,
            "beginning_times": {
                "Fajr": "05:18",
                "Sunrise": "07:27",
                "Dhuhr": "11:56",
                "Asr": "14:31",
                "Maghrib": "16:23",
                "Isha": "18:25"
            },
            "jamaah_times": {
                "Fajr_Jamaah": "06:30",
                "Dhuhr_Jamaah": "13:15",
                "Asr_Jamaah": "15:00",
                "Maghrib_Jamaah": "16:28",
                "Isha_Jamaah": "19:15"
            }
        },
        "2025-11-05": {
            "date": "2025-11-05",
            "day_number": 5,
            "day_name": "Wed",
            "is_friday": false,
            "has_custom_times": true,
            "beginning_times": {
                "Fajr": "05:20",
                "Sunrise": "07:30",
                "Dhuhr": "11:56",
                "Asr": "14:29",
                "Maghrib": "16:21",
                "Isha": "18:23"
            },
            "jamaah_times": {
                "Fajr_Jamaah": "06:30",
                "Dhuhr_Jamaah": "13:15",
                "Asr_Jamaah": "15:00",
                "Maghrib_Jamaah": "16:26",
                "Isha_Jamaah": "19:15"
            }
        },
        "2025-11-06": {
            "date": "2025-11-06",
            "day_number": 6,
            "day_name": "Thu",
            "is_friday": false,
            "has_custom_times": true,
            "beginning_times": {
                "Fajr": "05:22",
                "Sunrise": "07:32",
                "Dhuhr": "11:56",
                "Asr": "14:27",
                "Maghrib": "16:19",
                "Isha": "18:22"
            },
            "jamaah_times": {
                "Fajr_Jamaah": "06:30",
                "Dhuhr_Jamaah": "13:15",
                "Asr_Jamaah": "15:00",
                "Maghrib_Jamaah": "16:24",
                "Isha_Jamaah": "19:15"
            }
        },
        "2025-11-07": {
            "date": "2025-11-07",
            "day_number": 7,
            "day_name": "Fri",
            "is_friday": true,
            "has_custom_times": true,
            "beginning_times": {
                "Fajr": "05:23",
                "Sunrise": "07:34",
                "Dhuhr": "11:56",
                "Asr": "14:25",
                "Maghrib": "16:16",
                "Isha": "18:20"
            },
            "jamaah_times": {
                "Fajr_Jamaah": "06:30",
                "Dhuhr_Jamaah": "13:15",
                "Asr_Jamaah": "15:00",
                "Maghrib_Jamaah": "16:21",
                "Isha_Jamaah": "19:15",
                "Jumuah": "13:15"
            }
        },
        "2025-11-08": {
            "date": "2025-11-08",
            "day_number": 8,
            "day_name": "Sat",
            "is_friday": false,
            "has_custom_times": true,
            "beginning_times": {
                "Fajr": "05:25",
                "Sunrise": "07:36",
                "Dhuhr": "11:56",
                "Asr": "14:24",
                "Maghrib": "16:14",
                "Isha": "18:18"
            },
            "jamaah_times": {
                "Fajr_Jamaah": "06:45",
                "Dhuhr_Jamaah": "13:15",
                "Asr_Jamaah": "14:45",
                "Maghrib_Jamaah": "16:19",
                "Isha_Jamaah": "19:15"
            }
        },
        "2025-11-09": {
            "date": "2025-11-09",
            "day_number": 9,
            "day_name": "Sun",
            "is_friday": false,
            "has_custom_times": true,
            "beginning_times": {
                "Fajr": "05:27",
                "Sunrise": "07:38",
                "Dhuhr": "11:56",
                "Asr": "14:22",
                "Maghrib": "16:12",
                "Isha": "18:17"
            },
            "jamaah_times": {
                "Fajr_Jamaah": "06:45",
                "Dhuhr_Jamaah": "13:15",
                "Asr_Jamaah": "14:45",
                "Maghrib_Jamaah": "16:17",
                "Isha_Jamaah": "19:15"
            }
        },
        "2025-11-10": {
            "date": "2025-11-10",
            "day_number": 10,
            "day_name": "Mon",
            "is_friday": false,
            "has_custom_times": true,
            "beginning_times": {
                "Fajr": "05:29",
                "Sunrise": "07:40",
                "Dhuhr": "11:56",
                "Asr": "14:20",
                "Maghrib": "16:11",
                "Isha": "18:15"
            },
            "jamaah_times": {
                "Fajr_Jamaah": "06:45",
                "Dhuhr_Jamaah": "13:15",
                "Asr_Jamaah": "14:45",
                "Maghrib_Jamaah": "16:16",
                "Isha_Jamaah": "19:15"
            }
        },
        "2025-11-11": {
            "date": "2025-11-11",
            "day_number": 11,
            "day_name": "Tue",
            "is_friday": false,
            "has_custom_times": true,
            "beginning_times": {
                "Fajr": "05:31",
                "Sunrise": "07:43",
                "Dhuhr": "11:56",
                "Asr": "14:18",
                "Maghrib": "16:09",
                "Isha": "18:14"
            },
            "jamaah_times": {
                "Fajr_Jamaah": "06:45",
                "Dhuhr_Jamaah": "13:15",
                "Asr_Jamaah": "14:45",
                "Maghrib_Jamaah": "16:14",
                "Isha_Jamaah": "19:15"
            }
        },
        "2025-11-12": {
            "date": "2025-11-12",
            "day_number": 12,
            "day_name": "Wed",
            "is_friday": false,
            "has_custom_times": true,
            "beginning_times": {
                "Fajr": "05:32",
                "Sunrise": "07:45",
                "Dhuhr": "11:56",
                "Asr": "14:16",
                "Maghrib": "16:07",
                "Isha": "18:12"
            },
            "jamaah_times": {
                "Fajr_Jamaah": "06:45",
                "Dhuhr_Jamaah": "13:15",
                "Asr_Jamaah": "14:45",
                "Maghrib_Jamaah": "16:12",
                "Isha_Jamaah": "19:15"
            }
        },
        "2025-11-13": {
            "date": "2025-11-13",
            "day_number": 13,
            "day_name": "Thu",
            "is_friday": false,
            "has_custom_times": true,
            "beginning_times": {
                "Fajr": "05:34",
                "Sunrise": "07:47",
                "Dhuhr": "11:56",
                "Asr": "14:15",
                "Maghrib": "16:05",
                "Isha": "18:11"
            },
            "jamaah_times": {
                "Fajr_Jamaah": "06:45",
                "Dhuhr_Jamaah": "13:15",
                "Asr_Jamaah": "14:45",
                "Maghrib_Jamaah": "16:10",
                "Isha_Jamaah": "19:15"
            }
        },
        "2025-11-14": {
            "date": "2025-11-14",
            "day_number": 14,
            "day_name": "Fri",
            "is_friday": true,
            "has_custom_times": true,
            "beginning_times": {
                "Fajr": "05:36",
                "Sunrise": "07:49",
                "Dhuhr": "11:57",
                "Asr": "14:13",
                "Maghrib": "16:03",
                "Isha": "18:09"
            },
            "jamaah_times": {
                "Fajr_Jamaah": "06:45",
                "Dhuhr_Jamaah": "13:15",
                "Asr_Jamaah": "14:45",
                "Maghrib_Jamaah": "16:08",
                "Isha_Jamaah": "19:15",
                "Jumuah": "13:15"
            }
        },
        "2025-11-15": {
            "date": "2025-11-15",
            "day_number": 15,
            "day_name": "Sat",
            "is_friday": false,
            "has_custom_times": true,
            "beginning_times": {
                "Fajr": "05:37",
                "Sunrise": "07:51",
                "Dhuhr": "11:57",
                "Asr": "14:12",
                "Maghrib": "16:01",
                "Isha": "18:08"
            },
            "jamaah_times": {
                "Fajr_Jamaah": "07:00",
                "Dhuhr_Jamaah": "13:15",
                "Asr_Jamaah": "14:30",
                "Maghrib_Jamaah": "16:06",
                "Isha_Jamaah": "19:15"
            }
        },
        "2025-11-16": {
            "date": "2025-11-16",
            "day_number": 16,
            "day_name": "Sun",
            "is_friday": false,
            "has_custom_times": true,
            "beginning_times": {
                "Fajr": "05:39",
                "Sunrise": "07:53",
                "Dhuhr": "11:57",
                "Asr": "14:10",
                "Maghrib": "16:00",
                "Isha": "18:07"
            },
            "jamaah_times": {
                "Fajr_Jamaah": "07:00",
                "Dhuhr_Jamaah": "13:15",
                "Asr_Jamaah": "14:30",
                "Maghrib_Jamaah": "16:05",
                "Isha_Jamaah": "19:15"
            }
        },
        "2025-11-17": {
            "date": "2025-11-17",
            "day_number": 17,
            "day_name": "Mon",
            "is_friday": false,
            "has_custom_times": true,
            "beginning_times": {
                "Fajr": "05:41",
                "Sunrise": "07:55",
                "Dhuhr": "11:57",
                "Asr": "14:09",
                "Maghrib": "15:58",
                "Isha": "18:05"
            },
            "jamaah_times": {
                "Fajr_Jamaah": "07:00",
                "Dhuhr_Jamaah": "13:15",
                "Asr_Jamaah": "14:30",
                "Maghrib_Jamaah": "16:03",
                "Isha_Jamaah": "19:15"
            }
        },
        "2025-11-18": {
            "date": "2025-11-18",
            "day_number": 18,
            "day_name": "Tue",
            "is_friday": false,
            "has_custom_times": true,
            "beginning_times": {
                "Fajr": "05:42",
                "Sunrise": "07:57",
                "Dhuhr": "11:57",
                "Asr": "14:07",
                "Maghrib": "15:56",
                "Isha": "18:04"
            },
            "jamaah_times": {
                "Fajr_Jamaah": "07:00",
                "Dhuhr_Jamaah": "13:15",
                "Asr_Jamaah": "14:30",
                "Maghrib_Jamaah": "16:01",
                "Isha_Jamaah": "19:15"
            }
        },
        "2025-11-19": {
            "date": "2025-11-19",
            "day_number": 19,
            "day_name": "Wed",
            "is_friday": false,
            "has_custom_times": true,
            "beginning_times": {
                "Fajr": "05:44",
                "Sunrise": "07:59",
                "Dhuhr": "11:57",
                "Asr": "14:06",
                "Maghrib": "15:55",
                "Isha": "18:03"
            },
            "jamaah_times": {
                "Fajr_Jamaah": "07:00",
                "Dhuhr_Jamaah": "13:15",
                "Asr_Jamaah": "14:30",
                "Maghrib_Jamaah": "16:00",
                "Isha_Jamaah": "19:15"
            }
        },
        "2025-11-20": {
            "date": "2025-11-20",
            "day_number": 20,
            "day_name": "Thu",
            "is_friday": false,
            "has_custom_times": true,
            "beginning_times": {
                "Fajr": "05:46",
                "Sunrise": "08:01",
                "Dhuhr": "11:58",
                "Asr": "14:04",
                "Maghrib": "15:53",
                "Isha": "18:02"
            },
            "jamaah_times": {
                "Fajr_Jamaah": "07:00",
                "Dhuhr_Jamaah": "13:15",
                "Asr_Jamaah": "14:30",
                "Maghrib_Jamaah": "15:58",
                "Isha_Jamaah": "19:15"
            }
        },
        "2025-11-21": {
            "date": "2025-11-21",
            "day_number": 21,
            "day_name": "Fri",
            "is_friday": true,
            "has_custom_times": true,
            "beginning_times": {
                "Fajr": "05:47",
                "Sunrise": "08:03",
                "Dhuhr": "11:58",
                "Asr": "14:03",
                "Maghrib": "15:52",
                "Isha": "18:01"
            },
            "jamaah_times": {
                "Fajr_Jamaah": "07:00",
                "Dhuhr_Jamaah": "13:15",
                "Asr_Jamaah": "14:30",
                "Maghrib_Jamaah": "15:57",
                "Isha_Jamaah": "19:15",
                "Jumuah": "13:15"
            }
        },
        "2025-11-22": {
            "date": "2025-11-22",
            "day_number": 22,
            "day_name": "Sat",
            "is_friday": false,
            "has_custom_times": true,
            "beginning_times": {
                "Fajr": "05:49",
                "Sunrise": "08:05",
                "Dhuhr": "11:58",
                "Asr": "14:02",
                "Maghrib": "15:50",
                "Isha": "18:00"
            },
            "jamaah_times": {
                "Fajr_Jamaah": "07:00",
                "Dhuhr_Jamaah": "13:15",
                "Asr_Jamaah": "14:15",
                "Maghrib_Jamaah": "15:55",
                "Isha_Jamaah": "19:15"
            }
        },
        "2025-11-23": {
            "date": "2025-11-23",
            "day_number": 23,
            "day_name": "Sun",
            "is_friday": false,
            "has_custom_times": true,
            "beginning_times": {
                "Fajr": "05:50",
                "Sunrise": "08:07",
                "Dhuhr": "11:59",
                "Asr": "14:00",
                "Maghrib": "15:49",
                "Isha": "17:59"
            },
            "jamaah_times": {
                "Fajr_Jamaah": "07:00",
                "Dhuhr_Jamaah": "13:15",
                "Asr_Jamaah": "14:15",
                "Maghrib_Jamaah": "15:54",
                "Isha_Jamaah": "19:15"
            }
        },
        "2025-11-24": {
            "date": "2025-11-24",
            "day_number": 24,
            "day_name": "Mon",
            "is_friday": false,
            "has_custom_times": true,
            "beginning_times": {
                "Fajr": "05:52",
                "Sunrise": "08:09",
                "Dhuhr": "11:59",
                "Asr": "13:59",
                "Maghrib": "15:48",
                "Isha": "17:58"
            },
            "jamaah_times": {
                "Fajr_Jamaah": "07:00",
                "Dhuhr_Jamaah": "13:15",
                "Asr_Jamaah": "14:15",
                "Maghrib_Jamaah": "15:53",
                "Isha_Jamaah": "19:15"
            }
        },
        "2025-11-25": {
            "date": "2025-11-25",
            "day_number": 25,
            "day_name": "Tue",
            "is_friday": false,
            "has_custom_times": true,
            "beginning_times": {
                "Fajr": "05:53",
                "Sunrise": "08:11",
                "Dhuhr": "11:59",
                "Asr": "13:58",
                "Maghrib": "15:46",
                "Isha": "17:57"
            },
            "jamaah_times": {
                "Fajr_Jamaah": "07:00",
                "Dhuhr_Jamaah": "13:15",
                "Asr_Jamaah": "14:15",
                "Maghrib_Jamaah": "15:51",
                "Isha_Jamaah": "19:15"
            }
        },
        "2025-11-26": {
            "date": "2025-11-26",
            "day_number": 26,
            "day_name": "Wed",
            "is_friday": false,
            "has_custom_times": true,
            "beginning_times": {
                "Fajr": "05:55",
                "Sunrise": "08:13",
                "Dhuhr": "11:59",
                "Asr": "13:57",
                "Maghrib": "15:45",
                "Isha": "17:56"
            },
            "jamaah_times": {
                "Fajr_Jamaah": "07:00",
                "Dhuhr_Jamaah": "13:15",
                "Asr_Jamaah": "14:15",
                "Maghrib_Jamaah": "15:50",
                "Isha_Jamaah": "19:15"
            }
        },
        "2025-11-27": {
            "date": "2025-11-27",
            "day_number": 27,
            "day_name": "Thu",
            "is_friday": false,
            "has_custom_times": true,
            "beginning_times": {
                "Fajr": "05:56",
                "Sunrise": "08:15",
                "Dhuhr": "12:00",
                "Asr": "13:56",
                "Maghrib": "15:44",
                "Isha": "17:55"
            },
            "jamaah_times": {
                "Fajr_Jamaah": "07:00",
                "Dhuhr_Jamaah": "13:15",
                "Asr_Jamaah": "14:15",
                "Maghrib_Jamaah": "15:49",
                "Isha_Jamaah": "19:15"
            }
        },
        "2025-11-28": {
            "date": "2025-11-28",
            "day_number": 28,
            "day_name": "Fri",
            "is_friday": true,
            "has_custom_times": true,
            "beginning_times": {
                "Fajr": "05:57",
                "Sunrise": "08:17",
                "Dhuhr": "12:00",
                "Asr": "13:55",
                "Maghrib": "15:43",
                "Isha": "17:55"
            },
            "jamaah_times": {
                "Fajr_Jamaah": "07:00",
                "Dhuhr_Jamaah": "13:15",
                "Asr_Jamaah": "14:15",
                "Maghrib_Jamaah": "15:48",
                "Isha_Jamaah": "19:15",
                "Jumuah": "13:15"
            }
        },
        "2025-11-29": {
            "date": "2025-11-29",
            "day_number": 29,
            "day_name": "Sat",
            "is_friday": false,
            "has_custom_times": true,
            "beginning_times": {
                "Fajr": "05:59",
                "Sunrise": "08:18",
                "Dhuhr": "12:00",
                "Asr": "13:54",
                "Maghrib": "15:42",
                "Isha": "17:54"
            },
            "jamaah_times": {
                "Fajr_Jamaah": "07:00",
                "Dhuhr_Jamaah": "13:15",
                "Asr_Jamaah": "14:15",
                "Maghrib_Jamaah": "15:47",
                "Isha_Jamaah": "19:15"
            }
        },
        "2025-11-30": {
            "date": "2025-11-30",
            "day_number": 30,
            "day_name": "Sun",
            "is_friday": false,
            "has_custom_times": true,
            "beginning_times": {
                "Fajr": "06:00",
                "Sunrise": "08:20",
                "Dhuhr": "12:01",
                "Asr": "13:53",
                "Maghrib": "15:41",
                "Isha": "17:53"
            },
            "jamaah_times": {
                "Fajr_Jamaah": "07:00",
                "Dhuhr_Jamaah": "13:15",
                "Asr_Jamaah": "14:15",
                "Maghrib_Jamaah": "15:46",
                "Isha_Jamaah": "19:15"
            }
        }
    }
}